[
  {
    "id": 1,
    "title": "The Shawshank Redemption",
    "director": "Frank Darabont",
    "genre": "Drama",
    "img": "/assets/images/TheShawshankRedemption.jpg",
    "year": 1994
  },
  {
    "id": 2,
    "title": "The Godfather",
    "director": "Francis Ford Coppola",
    "genre": "Drama",
    "year": 1972,
    "img": "/assets/images/TheGodfather.jpg"
  },
  {
    "id": 3,
    "title": "The Dark Knight",
    "director": "Christopher Nolan",
    "genre": "Action",
    "year": 2008,
    "img": "/assets/images/TheDarkKnight.jpg"
  }
]